{"cameraMode":{"drawMode":0,"name":"Shaded","section":"Shading Mode"},"sceneLighting":true,"audioPlay":false,"sceneViewState":{"showFog":false,"showMaterialUpdate":false,"showSkybox":true,"showFlares":false,"showImageEffects":false,"showParticleSystems":false},"in2DMode":false,"pivot":{"x":490.4364013671875,"y":1.472342848777771,"z":493.5011291503906},"rotation":{"x":0.309057354927063,"y":0.3758792579174042,"z":-0.1345614790916443,"w":0.8632040023803711},"size":311.9840087890625,"orthographic":false}